[{"id":"554398336442@c.us","xp":0,"level":1},{"id":"994405027174@c.us","xp":0,"level":1},{"id":"554399250220@c.us","xp":0,"level":1},{"id":"557187146603@c.us","xp":0,"level":1},{"id":"559284071556@c.us","xp":0,"level":1},{"id":"559191722725@c.us","xp":0,"level":1},{"id":"558486107821@c.us","xp":0,"level":1},{"id":"5521994318279@c.us","xp":0,"level":1},{"id":"556399313000@c.us","xp":0,"level":1},{"id":"5511988042785@c.us","xp":0,"level":1},{"id":"5521996765578@c.us","xp":0,"level":1},{"id":"5524999340928@c.us","xp":0,"level":1},{"id":"5511911481902@c.us","xp":0,"level":1},{"id":"5511946296275@c.us","xp":0,"level":1},{"id":"556294974619@c.us","xp":0,"level":1},{"id":"556194454055@c.us","xp":0,"level":1},{"id":"5511961444994@c.us","xp":0,"level":1},{"id":"553195116541@c.us","xp":0,"level":1},{"id":"553898790817@c.us","xp":0,"level":1},{"id":"555191233518@c.us","xp":0,"level":1},{"id":"556799514254@c.us","xp":0,"level":1},{"id":"5519989895003@c.us","xp":0,"level":1},{"id":"556496061949@c.us","xp":0,"level":1},{"id":"558186728137@c.us","xp":0,"level":1},{"id":"557588618236@c.us","xp":0,"level":1},{"id":"559191378076@c.us","xp":0,"level":1},{"id":"558387709177@c.us","xp":0,"level":1},{"id":"5978292865@c.us","xp":0,"level":1},{"id":"554799061278@c.us","xp":0,"level":1},{"id":"558596252180@c.us","xp":0,"level":1},{"id":"554299338633@c.us","xp":0,"level":1},{"id":"5511969070556@c.us","xp":0,"level":1},{"id":"559183703170@c.us","xp":0,"level":1},{"id":"558496333628@c.us","xp":0,"level":1},{"id":"554799326498@c.us","xp":0,"level":1},{"id":"559299712544@c.us","xp":0,"level":1},{"id":"5511956740258@c.us","xp":0,"level":1},{"id":"5521986010418@c.us","xp":0,"level":1},{"id":"5511969251275@c.us","xp":0,"level":1},{"id":"556195876196@c.us","xp":0,"level":1},{"id":"556993609630@c.us","xp":0,"level":1},{"id":"5511985245286@c.us","xp":0,"level":1},{"id":"558681701168@c.us","xp":0,"level":1},{"id":"5512992191225@c.us","xp":0,"level":1},{"id":"15072957143@c.us","xp":0,"level":1},{"id":"556381040158@c.us","xp":0,"level":1},{"id":"558189765730@c.us","xp":0,"level":1},{"id":"557591832014@c.us","xp":0,"level":1},{"id":"554797416209@c.us","xp":0,"level":1},{"id":"557592444607@c.us","xp":0,"level":1},{"id":"558281226127@c.us","xp":0,"level":1},{"id":"557996558379@c.us","xp":0,"level":1},{"id":"5519983153717@c.us","xp":0,"level":1},{"id":"558999210209@c.us","xp":0,"level":1},{"id":"5518997947639@c.us","xp":0,"level":1},{"id":"559492207112@c.us","xp":0,"level":1},{"id":"5511948965218@c.us","xp":0,"level":1},{"id":"556984734861@c.us","xp":0,"level":1},{"id":"559392140168@c.us","xp":0,"level":1},{"id":"5521976668577@c.us","xp":0,"level":1},{"id":"5511948364362@c.us","xp":0,"level":1},{"id":"5516992557027@c.us","xp":0,"level":1},{"id":"556596357318@c.us","xp":0,"level":1},{"id":"559180194186@c.us","xp":0,"level":1},{"id":"556195225265@c.us","xp":0,"level":1},{"id":"558587639771@c.us","xp":0,"level":1},{"id":"5521986756392@c.us","xp":0,"level":1},{"id":"553599139338@c.us","xp":0,"level":1},{"id":"558586829914@c.us","xp":0,"level":1},{"id":"558599568179@c.us","xp":0,"level":1},{"id":"558287326825@c.us","xp":0,"level":1},{"id":"556192189469@c.us","xp":0,"level":1},{"id":"553498671540@c.us","xp":0,"level":1},{"id":"558399275232@c.us","xp":0,"level":1},{"id":"558009000520@c.us","xp":0,"level":1},{"id":"556186545361@c.us","xp":0,"level":1},{"id":"5521986818485@c.us","xp":0,"level":1},{"id":"5213957833401@c.us","xp":0,"level":1},{"id":"557391341247@c.us","xp":0,"level":1},{"id":"5511940482990@c.us","xp":0,"level":1},{"id":"557998988352@c.us","xp":0,"level":1},{"id":"5511944519908@c.us","xp":0,"level":1},{"id":"5513991462768@c.us","xp":0,"level":1},{"id":"556484038845@c.us","xp":0,"level":1},{"id":"351925872533@c.us","xp":0,"level":1},{"id":"558382173372@c.us","xp":0,"level":1},{"id":"5521989267221@c.us","xp":0,"level":1},{"id":"553171704128@c.us","xp":0,"level":1},{"id":"559991063132@c.us","xp":0,"level":1},{"id":"556284114097@c.us","xp":0,"level":1},{"id":"553189874225@c.us","xp":0,"level":1},{"id":"5521965528593@c.us","xp":0,"level":1},{"id":"559888289113@c.us","xp":0,"level":1},{"id":"553298336258@c.us","xp":0,"level":1},{"id":"558388559486@c.us","xp":0,"level":1},{"id":"5511952382547@c.us","xp":0,"level":1},{"id":"556596312467@c.us","xp":0,"level":1},{"id":"558893524796@c.us","xp":0,"level":1},{"id":"558896772059@c.us","xp":0,"level":1},{"id":"5511980921462@c.us","xp":0,"level":1},{"id":"5521989053221@c.us","xp":0,"level":1},{"id":"5521973761778@c.us","xp":0,"level":1},{"id":"555185740103@c.us","xp":0,"level":1},{"id":"559292954957@c.us","xp":0,"level":1},{"id":"19128254779@c.us","xp":0,"level":1},{"id":"557192914710@c.us","xp":0,"level":1},{"id":"5511988432930@c.us","xp":0,"level":1},{"id":"557999694768@c.us","xp":0,"level":1},{"id":"555391553513@c.us","xp":0,"level":1},{"id":"557182328930@c.us","xp":0,"level":1},{"id":"559292622286@c.us","xp":0,"level":1},{"id":"553799584463@c.us","xp":0,"level":1},{"id":"554187872067@c.us","xp":0,"level":1},{"id":"5521971085217@c.us","xp":0,"level":1},{"id":"559891766510@c.us","xp":0,"level":1},{"id":"5521966987819@c.us","xp":0,"level":1},{"id":"557388157388@c.us","xp":0,"level":1},{"id":"557499055372@c.us","xp":0,"level":1},{"id":"558981334021@c.us","xp":0,"level":1},{"id":"553598377677@c.us","xp":0,"level":1},{"id":"5527997503890@c.us","xp":0,"level":1},{"id":"556781114038@c.us","xp":0,"level":1},{"id":"556399594983@c.us","xp":0,"level":1},{"id":"558488546668@c.us","xp":0,"level":1},{"id":"5511946390046@c.us","xp":0,"level":1},{"id":"5511992414626@c.us","xp":0,"level":1},{"id":"5511942231023@c.us","xp":0,"level":1},{"id":"557491221274@c.us","xp":0,"level":1},{"id":"559187641062@c.us","xp":0,"level":1},{"id":"557193758833@c.us","xp":0,"level":1},{"id":"559992140554@c.us","xp":0,"level":1},{"id":"5511993738201@c.us","xp":0,"level":1},{"id":"5515997498013@c.us","xp":0,"level":1},{"id":"554788585207@c.us","xp":0,"level":1},{"id":"5511971853590@c.us","xp":0,"level":1},{"id":"5517997899501@c.us","xp":0,"level":1},{"id":"5519994912339@c.us","xp":0,"level":1},{"id":"5521992123701@c.us","xp":0,"level":1},{"id":"554498644918@c.us","xp":0,"level":1},{"id":"5519994220191@c.us","xp":0,"level":1},{"id":"558296367762@c.us","xp":0,"level":1},{"id":"5513997522514@c.us","xp":0,"level":1},{"id":"556182281308@c.us","xp":0,"level":1},{"id":"553180265010@c.us","xp":0,"level":1},{"id":"5511947916060@c.us","xp":0,"level":1},{"id":"559392342106@c.us","xp":0,"level":1},{"id":"5527997088377@c.us","xp":0,"level":1},{"id":"559285212562@c.us","xp":0,"level":1},{"id":"559981844621@c.us","xp":0,"level":1},{"id":"559183504699@c.us","xp":0,"level":1},{"id":"555182491365@c.us","xp":0,"level":1},{"id":"553592716649@c.us","xp":0,"level":1},{"id":"558193378277@c.us","xp":0,"level":1},{"id":"558299260871@c.us","xp":0,"level":1},{"id":"556283296442@c.us","xp":0,"level":1},{"id":"553598504636@c.us","xp":0,"level":1},{"id":"558681263814@c.us","xp":0,"level":1},{"id":"5527997918019@c.us","xp":0,"level":1},{"id":"554599924513@c.us","xp":0,"level":1},{"id":"5511956626480@c.us","xp":0,"level":1},{"id":"556285514262@c.us","xp":0,"level":1},{"id":"5519987811618@c.us","xp":0,"level":1},{"id":"558287534262@c.us","xp":0,"level":1},{"id":"5511911369556@c.us","xp":0,"level":1},{"id":"557791473497@c.us","xp":0,"level":1},{"id":"557781165308@c.us","xp":0,"level":1},{"id":"559189039626@c.us","xp":0,"level":1},{"id":"556283393197@c.us","xp":0,"level":1},{"id":"559392189590@c.us","xp":0,"level":1},{"id":"5511949370822@c.us","xp":0,"level":1},{"id":"557999184298@c.us","xp":0,"level":1},{"id":"559391338733@c.us","xp":0,"level":1},{"id":"559191798035@c.us","xp":0,"level":1},{"id":"555185433448@c.us","xp":0,"level":1},{"id":"552197605933@c.us","xp":0,"level":1},{"id":"556392716749@c.us","xp":0,"level":1},{"id":"5519974143216@c.us","xp":0,"level":1},{"id":"559888045020@c.us","xp":0,"level":1},{"id":"556692077263@c.us","xp":0,"level":1},{"id":"5513997000684@c.us","xp":0,"level":1},{"id":"5511994342714@c.us","xp":0,"level":1},{"id":"556798589863@c.us","xp":0,"level":1},{"id":"556192827345@c.us","xp":0,"level":1},{"id":"559184409343@c.us","xp":0,"level":1},{"id":"558994442515@c.us","xp":0,"level":1},{"id":"553588919290@c.us","xp":0,"level":1},{"id":"558199392005@c.us","xp":0,"level":1},{"id":"559288538018@c.us","xp":0,"level":1},{"id":"555597270054@c.us","xp":0,"level":1},{"id":"558598240040@c.us","xp":0,"level":1},{"id":"554797277958@c.us","xp":0,"level":1},{"id":"5519981545098@c.us","xp":0,"level":1},{"id":"556399653889@c.us","xp":0,"level":1},{"id":"555497050982@c.us","xp":0,"level":1},{"id":"553195584785@c.us","xp":0,"level":1},{"id":"554598502850@c.us","xp":0,"level":1},{"id":"559491995771@c.us","xp":0,"level":1},{"id":"5512981034951@c.us","xp":0,"level":1},{"id":"559285038317@c.us","xp":0,"level":1},{"id":"558494837024@c.us","xp":0,"level":1},{"id":"5521993225366@c.us","xp":0,"level":1},{"id":"556182618537@c.us","xp":0,"level":1},{"id":"556598179406@c.us","xp":0,"level":1},{"id":"558499303176@c.us","xp":0,"level":1},{"id":"5522999478294@c.us","xp":0,"level":1},{"id":"5512996304307@c.us","xp":0,"level":1},{"id":"5511987368190@c.us","xp":0,"level":1},{"id":"5516988595081@c.us","xp":0,"level":1},{"id":"5512981142745@c.us","xp":0,"level":1},{"id":"5527996348588@c.us","xp":0,"level":1},{"id":"553193550392@c.us","xp":0,"level":1},{"id":"556592461632@c.us","xp":0,"level":1},{"id":"559496655253@c.us","xp":0,"level":1},{"id":"5511950813768@c.us","xp":0,"level":1},{"id":"5521971194865@c.us","xp":0,"level":1},{"id":"556791136649@c.us","xp":0,"level":1},{"id":"5519997891751@c.us","xp":0,"level":1},{"id":"558688569709@c.us","xp":0,"level":1},{"id":"557481174846@c.us","xp":0,"level":1},{"id":"559481569298@c.us","xp":0,"level":1},{"id":"558193503221@c.us","xp":0,"level":1},{"id":"559187257848@c.us","xp":0,"level":1},{"id":"559185602379@c.us","xp":0,"level":1},{"id":"556196305690@c.us","xp":0,"level":1},{"id":"5521982176787@c.us","xp":0,"level":1},{"id":"5512996627160@c.us","xp":0,"level":1},{"id":"553798315900@c.us","xp":0,"level":1},{"id":"5527996425230@c.us","xp":0,"level":1},{"id":"5519988491982@c.us","xp":0,"level":1},{"id":"558587753199@c.us","xp":0,"level":1},{"id":"5519999291609@c.us","xp":0,"level":1},{"id":"558198780746@c.us","xp":0,"level":1},{"id":"559295376308@c.us","xp":0,"level":1},{"id":"558281176961@c.us","xp":0,"level":1},{"id":"553484079799@c.us","xp":0,"level":1},{"id":"5522998851084@c.us","xp":0,"level":1},{"id":"5521994819872@c.us","xp":0,"level":1},{"id":"556798409001@c.us","xp":0,"level":1},{"id":"558194059442@c.us","xp":0,"level":1},{"id":"5511974810070@c.us","xp":0,"level":1},{"id":"556696569330@c.us","xp":0,"level":1},{"id":"5516993683203@c.us","xp":0,"level":1},{"id":"554195894328@c.us","xp":0,"level":1},{"id":"558788219097@c.us","xp":0,"level":1},{"id":"556892371766@c.us","xp":0,"level":1},{"id":"555185360049@c.us","xp":0,"level":1},{"id":"555193304057@c.us","xp":0,"level":1},{"id":"554888365919@c.us","xp":0,"level":1},{"id":"553189768252@c.us","xp":0,"level":1},{"id":"559784439101@c.us","xp":0,"level":1},{"id":"557598929942@c.us","xp":0,"level":1},{"id":"5511958821800@c.us","xp":0,"level":1},{"id":"557488496823@c.us","xp":0,"level":1},{"id":"5514998742338@c.us","xp":0,"level":1},{"id":"559191097887@c.us","xp":0,"level":1},{"id":"5519999848194@c.us","xp":0,"level":1},{"id":"559299873296@c.us","xp":0,"level":1},{"id":"553185803289@c.us","xp":0,"level":1},{"id":"554898390085@c.us","xp":0,"level":1},{"id":"557186877225@c.us","xp":0,"level":1},{"id":"556499865001@c.us","xp":0,"level":1},{"id":"5511944488221@c.us","xp":0,"level":1},{"id":"5511982071123@c.us","xp":0,"level":1},{"id":"559182524115@c.us","xp":0,"level":1},{"id":"559684230595@c.us","xp":0,"level":1},{"id":"559784270908@c.us","xp":0,"level":1},{"id":"5527997066883@c.us","xp":0,"level":1},{"id":"554797595852@c.us","xp":0,"level":1},{"id":"559184566932@c.us","xp":0,"level":1},{"id":"554984015511@c.us","xp":0,"level":1},{"id":"5511981508274@c.us","xp":0,"level":1},{"id":"556992491923@c.us","xp":0,"level":1},{"id":"559284962823@c.us","xp":0,"level":1},{"id":"5511997641087@c.us","xp":0,"level":1},{"id":"557399299114@c.us","xp":0,"level":1},{"id":"558894220934@c.us","xp":0,"level":1},{"id":"555180527623@c.us","xp":0,"level":1},{"id":"559188503350@c.us","xp":0,"level":1},{"id":"554384359718@c.us","xp":0,"level":1},{"id":"5514997112525@c.us","xp":0,"level":1},{"id":"558594299955@c.us","xp":0,"level":1},{"id":"5519994775394@c.us","xp":0,"level":1},{"id":"559291764704@c.us","xp":0,"level":1},{"id":"5519998526832@c.us","xp":0,"level":1},{"id":"556593480042@c.us","xp":0,"level":1},{"id":"5519987096975@c.us","xp":0,"level":1},{"id":"553599854533@c.us","xp":0,"level":1},{"id":"556183398469@c.us","xp":0,"level":1},{"id":"5511959750471@c.us","xp":0,"level":1},{"id":"554898625708@c.us","xp":0,"level":1},{"id":"555195684914@c.us","xp":0,"level":1},{"id":"556193308790@c.us","xp":0,"level":1},{"id":"5522998662386@c.us","xp":0,"level":1},{"id":"5521989560809@c.us","xp":0,"level":1},{"id":"557388922235@c.us","xp":0,"level":1},{"id":"5511966212206@c.us","xp":0,"level":1},{"id":"557196957830@c.us","xp":0,"level":1},{"id":"553192941608@c.us","xp":0,"level":1},{"id":"554699844840@c.us","xp":0,"level":1},{"id":"5511980197684@c.us","xp":0,"level":1},{"id":"557399298376@c.us","xp":0,"level":1},{"id":"555193313199@c.us","xp":0,"level":1},{"id":"559281827764@c.us","xp":0,"level":1},{"id":"5513991440403@c.us","xp":0,"level":1},{"id":"556183056797@c.us","xp":0,"level":1},{"id":"5511974710116@c.us","xp":0,"level":1},{"id":"5519983734821@c.us","xp":0,"level":1},{"id":"556191292266@c.us","xp":0,"level":1},{"id":"558888596687@c.us","xp":0,"level":1},{"id":"554384198105@c.us","xp":0,"level":1},{"id":"5511998758621@c.us","xp":0,"level":1},{"id":"5511999993741@c.us","xp":0,"level":1},{"id":"554396169805@c.us","xp":0,"level":1},{"id":"559591639934@c.us","xp":0,"level":1},{"id":"558388766128@c.us","xp":0,"level":1},{"id":"557781100347@c.us","xp":0,"level":1},{"id":"5511952298395@c.us","xp":0,"level":1},{"id":"556782176406@c.us","xp":0,"level":1},{"id":"557181696912@c.us","xp":0,"level":1},{"id":"554998092186@c.us","xp":0,"level":1},{"id":"5521971002426@c.us","xp":0,"level":1},{"id":"5518991620192@c.us","xp":0,"level":1},{"id":"556499070937@c.us","xp":0,"level":1},{"id":"5514991920116@c.us","xp":0,"level":1},{"id":"554384925510@c.us","xp":0,"level":1},{"id":"556596185951@c.us","xp":0,"level":1},{"id":"5522992142394@c.us","xp":0,"level":1},{"id":"559188556462@c.us","xp":0,"level":1},{"id":"5515991942113@c.us","xp":0,"level":1},{"id":"557799398160@c.us","xp":0,"level":1},{"id":"556993448902@c.us","xp":0,"level":1},{"id":"556295760725@c.us","xp":0,"level":1},{"id":"556697182139@c.us","xp":0,"level":1},{"id":"5513981044208@c.us","xp":0,"level":1},{"id":"5511973911867@c.us","xp":0,"level":1},{"id":"5521971484063@c.us","xp":0,"level":1},{"id":"557193748763@c.us","xp":0,"level":1},{"id":"50764795598@c.us","xp":0,"level":1},{"id":"5522992120934@c.us","xp":0,"level":1},{"id":"5511986031655@c.us","xp":0,"level":1},{"id":"556684441903@c.us","xp":0,"level":1},{"id":"553898743457@c.us","xp":0,"level":1},{"id":"559199194357@c.us","xp":0,"level":1},{"id":"557499006938@c.us","xp":0,"level":1},{"id":"5511982341829@c.us","xp":0,"level":1},{"id":"558598149927@c.us","xp":0,"level":1},{"id":"559681428287@c.us","xp":0,"level":1},{"id":"558899401505@c.us","xp":0,"level":1},{"id":"557599849593@c.us","xp":0,"level":1},{"id":"555189566706@c.us","xp":0,"level":1},{"id":"556684223403@c.us","xp":0,"level":1},{"id":"558299490629@c.us","xp":0,"level":1},{"id":"556993702019@c.us","xp":0,"level":1},{"id":"559681426423@c.us","xp":0,"level":1},{"id":"554298233857@c.us","xp":0,"level":1},{"id":"554498023070@c.us","xp":0,"level":1},{"id":"558892311327@c.us","xp":0,"level":1},{"id":"5212221014797@c.us","xp":0,"level":1},{"id":"556784468335@c.us","xp":0,"level":1},{"id":"559491275020@c.us","xp":0,"level":1},{"id":"556399689588@c.us","xp":0,"level":1},{"id":"5521980319246@c.us","xp":0,"level":1},{"id":"13218729910@c.us","xp":0,"level":1},{"id":"556291855817@c.us","xp":0,"level":1},{"id":"554195338734@c.us","xp":0,"level":1},{"id":"554784021594@c.us","xp":0,"level":1},{"id":"558589620088@c.us","xp":0,"level":1},{"id":"554599524143@c.us","xp":0,"level":1},{"id":"557996736101@c.us","xp":0,"level":1},{"id":"5524981895665@c.us","xp":0,"level":1},{"id":"50232840673@c.us","xp":0,"level":1},{"id":"5521999059275@c.us","xp":0,"level":1},{"id":"555196515443@c.us","xp":0,"level":1},{"id":"556992576803@c.us","xp":0,"level":1},{"id":"5521971143704@c.us","xp":0,"level":1},{"id":"559870051798@c.us","xp":0,"level":1},{"id":"555194730753@c.us","xp":0,"level":1},{"id":"5513991548734@c.us","xp":0,"level":1},{"id":"556381570873@c.us","xp":0,"level":1},{"id":"559991829509@c.us","xp":0,"level":1},{"id":"554891074899@c.us","xp":0,"level":1},{"id":"558798108326@c.us","xp":0,"level":1},{"id":"556183756897@c.us","xp":0,"level":1},{"id":"5513998025755@c.us","xp":0,"level":1},{"id":"554498448896@c.us","xp":0,"level":1},{"id":"558299748792@c.us","xp":0,"level":1},{"id":"5511970856504@c.us","xp":0,"level":1},{"id":"559184760555@c.us","xp":0,"level":1},{"id":"559691613407@c.us","xp":0,"level":1},{"id":"556492972295@c.us","xp":0,"level":1},{"id":"5516997750809@c.us","xp":0,"level":1},{"id":"5511983081777@c.us","xp":0,"level":1},{"id":"5514991063233@c.us","xp":0,"level":1},{"id":"556496039611@c.us","xp":0,"level":1},{"id":"5511949255595@c.us","xp":0,"level":1},{"id":"556182697485@c.us","xp":0,"level":1},{"id":"556592559663@c.us","xp":0,"level":1},{"id":"5219992612231@c.us","xp":0,"level":1},{"id":"19256941459@c.us","xp":0,"level":1},{"id":"5528999747670@c.us","xp":0,"level":1},{"id":"555184985152@c.us","xp":0,"level":1},{"id":"15673057605@c.us","xp":0,"level":1},{"id":"554899482213@c.us","xp":0,"level":1},{"id":"5521974243919@c.us","xp":0,"level":1},{"id":"5516991941154@c.us","xp":0,"level":1},{"id":"555180495816@c.us","xp":0,"level":1},{"id":"5511951199966@c.us","xp":0,"level":1},{"id":"5522981110306@c.us","xp":0,"level":1},{"id":"555193777871@c.us","xp":0,"level":1},{"id":"5511988584717@c.us","xp":0,"level":1},{"id":"553198256204@c.us","xp":0,"level":1},{"id":"5521991140513@c.us","xp":0,"level":1},{"id":"558796106069@c.us","xp":0,"level":1},{"id":"553399461009@c.us","xp":0,"level":1},{"id":"553196179876@c.us","xp":0,"level":1},{"id":"556285509511@c.us","xp":0,"level":1},{"id":"5511963941350@c.us","xp":0,"level":1},{"id":"557499186976@c.us","xp":0,"level":1},{"id":"558699103994@c.us","xp":0,"level":1},{"id":"5527999767611@c.us","xp":0,"level":1},{"id":"5527996431827@c.us","xp":0,"level":1},{"id":"5515981126807@c.us","xp":0,"level":1},{"id":"559899066318@c.us","xp":0,"level":1},{"id":"556798592706@c.us","xp":0,"level":1},{"id":"553496340529@c.us","xp":0,"level":1},{"id":"553484054060@c.us","xp":0,"level":1},{"id":"556799741007@c.us","xp":0,"level":1},{"id":"553284578522@c.us","xp":0,"level":1},{"id":"557991323629@c.us","xp":0,"level":1},{"id":"559881213482@c.us","xp":0,"level":1},{"id":"557399501838@c.us","xp":0,"level":1},{"id":"558592362308@c.us","xp":0,"level":1},{"id":"5514998450895@c.us","xp":0,"level":1},{"id":"554195655384@c.us","xp":0,"level":1},{"id":"558893821465@c.us","xp":0,"level":1},{"id":"559982739410@c.us","xp":0,"level":1},{"id":"556291158893@c.us","xp":0,"level":1},{"id":"554197787349@c.us","xp":0,"level":1},{"id":"5514997456028@c.us","xp":0,"level":1},{"id":"5519992401856@c.us","xp":0,"level":1},{"id":"5514991158317@c.us","xp":0,"level":1},{"id":"558888713892@c.us","xp":0,"level":1},{"id":"553498728519@c.us","xp":0,"level":1},{"id":"5521982085087@c.us","xp":0,"level":1},{"id":"5511920048897@c.us","xp":0,"level":1},{"id":"5511977488324@c.us","xp":0,"level":1},{"id":"5515997348895@c.us","xp":0,"level":1},{"id":"559192058460@c.us","xp":0,"level":1},{"id":"555484197925@c.us","xp":0,"level":1},{"id":"559493036010@c.us","xp":0,"level":1},{"id":"559891053950@c.us","xp":0,"level":1},{"id":"556699309089@c.us","xp":0,"level":1},{"id":"5514998101745@c.us","xp":0,"level":1},{"id":"5511947135027@c.us","xp":0,"level":1},{"id":"553791946145@c.us","xp":0,"level":1},{"id":"5511951473429@c.us","xp":0,"level":1},{"id":"558299778468@c.us","xp":0,"level":1},{"id":"559182881264@c.us","xp":0,"level":1},{"id":"5511992677802@c.us","xp":0,"level":1},{"id":"5514981147804@c.us","xp":0,"level":1},{"id":"559391777098@c.us","xp":0,"level":1},{"id":"557188553557@c.us","xp":0,"level":1},{"id":"5517992673244@c.us","xp":0,"level":1},{"id":"5512997186268@c.us","xp":0,"level":1},{"id":"555186559205@c.us","xp":0,"level":1},{"id":"5511994365096@c.us","xp":0,"level":1},{"id":"5518997778063@c.us","xp":0,"level":1},{"id":"559784449041@c.us","xp":0,"level":1},{"id":"557998139564@c.us","xp":0,"level":1},{"id":"556696534840@c.us","xp":0,"level":1},{"id":"5511998562308@c.us","xp":0,"level":1},{"id":"554195758717@c.us","xp":0,"level":1},{"id":"557191047043@c.us","xp":0,"level":1},{"id":"5519999876807@c.us","xp":0,"level":1},{"id":"554498666197@c.us","xp":0,"level":1},{"id":"556381393207@c.us","xp":0,"level":1},{"id":"553197684857@c.us","xp":0,"level":1},{"id":"558195551159@c.us","xp":0,"level":1},{"id":"559185476938@c.us","xp":0,"level":1},{"id":"559188503978@c.us","xp":0,"level":1},{"id":"557791084979@c.us","xp":0,"level":1},{"id":"555492504355@c.us","xp":0,"level":1},{"id":"557581936151@c.us","xp":0,"level":1},{"id":"556193372891@c.us","xp":0,"level":1},{"id":"556291777486@c.us","xp":0,"level":1},{"id":"5512992055707@c.us","xp":0,"level":1},{"id":"5521974960431@c.us","xp":0,"level":1},{"id":"5511991024572@c.us","xp":0,"level":1},{"id":"556399911895@c.us","xp":0,"level":1},{"id":"557998591392@c.us","xp":0,"level":1},{"id":"5513996880013@c.us","xp":0,"level":1},{"id":"556286273953@c.us","xp":0,"level":1},{"id":"5521976673671@c.us","xp":0,"level":1},{"id":"557591986019@c.us","xp":0,"level":1},{"id":"5513997492180@c.us","xp":0,"level":1},{"id":"584149667999@c.us","xp":0,"level":1},{"id":"557996296039@c.us","xp":0,"level":1},{"id":"559186072298@c.us","xp":0,"level":1},{"id":"558881902168@c.us","xp":0,"level":1},{"id":"556791935322@c.us","xp":0,"level":1},{"id":"5513997164768@c.us","xp":0,"level":1},{"id":"555197560818@c.us","xp":0,"level":1},{"id":"5511984877379@c.us","xp":0,"level":1},{"id":"559991931733@c.us","xp":0,"level":1},{"id":"556193745814@c.us","xp":0,"level":1},{"id":"5528999272454@c.us","xp":0,"level":1},{"id":"558581043959@c.us","xp":0,"level":1},{"id":"556194544467@c.us","xp":0,"level":1},{"id":"5511952796849@c.us","xp":0,"level":1},{"id":"5519989029673@c.us","xp":0,"level":1},{"id":"557391952075@c.us","xp":0,"level":1},{"id":"5511960741820@c.us","xp":0,"level":1},{"id":"556192804658@c.us","xp":0,"level":1},{"id":"559481066989@c.us","xp":0,"level":1},{"id":"5511981218456@c.us","xp":0,"level":1},{"id":"5512997665178@c.us","xp":0,"level":1},{"id":"5527998025266@c.us","xp":0,"level":1},{"id":"5511949118371@c.us","xp":0,"level":1},{"id":"5511995602539@c.us","xp":0,"level":1},{"id":"5522998099411@c.us","xp":0,"level":1},{"id":"556792146935@c.us","xp":0,"level":1},{"id":"557598293530@c.us","xp":0,"level":1},{"id":"5511956674762@c.us","xp":0,"level":1},{"id":"559288326346@c.us","xp":0,"level":1},{"id":"5521995143963@c.us","xp":0,"level":1},{"id":"5516982497793@c.us","xp":0,"level":1},{"id":"557488593773@c.us","xp":0,"level":1},{"id":"559984897839@c.us","xp":0,"level":1},{"id":"5521972138378@c.us","xp":0,"level":1},{"id":"557499963531@c.us","xp":0,"level":1},{"id":"557192372021@c.us","xp":0,"level":1},{"id":"5511967234335@c.us","xp":0,"level":1},{"id":"5511973648515@c.us","xp":0,"level":1},{"id":"5511949073897@c.us","xp":0,"level":1},{"id":"556799523701@c.us","xp":0,"level":1},{"id":"556392655267@c.us","xp":0,"level":1},{"id":"554896605338@c.us","xp":0,"level":1},{"id":"557788792389@c.us","xp":0,"level":1},{"id":"5521983876716@c.us","xp":0,"level":1},{"id":"553191177719@c.us","xp":0,"level":1},{"id":"559191348186@c.us","xp":0,"level":1},{"id":"5511939280653@c.us","xp":0,"level":1},{"id":"554999552998@c.us","xp":0,"level":1},{"id":"557996601060@c.us","xp":0,"level":1},{"id":"5517992462457@c.us","xp":0,"level":1},{"id":"5521964721127@c.us","xp":0,"level":1},{"id":"557199478570@c.us","xp":0,"level":1},{"id":"559191460975@c.us","xp":0,"level":1},{"id":"557499028184@c.us","xp":0,"level":1},{"id":"558186681238@c.us","xp":0,"level":1},{"id":"5527988145481@c.us","xp":0,"level":1},{"id":"5521966551858@c.us","xp":0,"level":1},{"id":"558181806557@c.us","xp":0,"level":1},{"id":"559491096301@c.us","xp":0,"level":1},{"id":"553186486208@c.us","xp":0,"level":1},{"id":"5521976061099@c.us","xp":0,"level":1},{"id":"554591338234@c.us","xp":0,"level":1},{"id":"557191852120@c.us","xp":0,"level":1},{"id":"553199942484@c.us","xp":0,"level":1},{"id":"557592423261@c.us","xp":0,"level":1},{"id":"552165020849@c.us","xp":0,"level":1},{"id":"557798093855@c.us","xp":0,"level":1},{"id":"556198080941@c.us","xp":0,"level":1},{"id":"557193651593@c.us","xp":0,"level":1},{"id":"553197483305@c.us","xp":0,"level":1},{"id":"554191690263@c.us","xp":0,"level":1},{"id":"557381872440@c.us","xp":0,"level":1},{"id":"553599609505@c.us","xp":0,"level":1},{"id":"557388417225@c.us","xp":0,"level":1},{"id":"559885973267@c.us","xp":0,"level":1},{"id":"557193135048@c.us","xp":0,"level":1},{"id":"5519987638013@c.us","xp":0,"level":1},{"id":"553186969722@c.us","xp":0,"level":1},{"id":"556499889255@c.us","xp":0,"level":1},{"id":"559883541405@c.us","xp":0,"level":1},{"id":"553298353500@c.us","xp":0,"level":1},{"id":"557488579621@c.us","xp":0,"level":1},{"id":"558197002409@c.us","xp":0,"level":1},{"id":"558894536538@c.us","xp":0,"level":1},{"id":"5511955204395@c.us","xp":0,"level":1},{"id":"5518996641546@c.us","xp":0,"level":1},{"id":"553189087968@c.us","xp":0,"level":1},{"id":"351915934437@c.us","xp":0,"level":1},{"id":"5518991580599@c.us","xp":0,"level":1},{"id":"557398176928@c.us","xp":0,"level":1},{"id":"557581397231@c.us","xp":0,"level":1},{"id":"553493368568@c.us","xp":0,"level":1},{"id":"5513996434648@c.us","xp":0,"level":1},{"id":"558481250335@c.us","xp":0,"level":1},{"id":"558192916392@c.us","xp":0,"level":1},{"id":"5514991283137@c.us","xp":0,"level":1},{"id":"5513981015575@c.us","xp":0,"level":1},{"id":"558581179596@c.us","xp":0,"level":1},{"id":"558198163430@c.us","xp":0,"level":1},{"id":"5517991094594@c.us","xp":0,"level":1},{"id":"558293423555@c.us","xp":0,"level":1},{"id":"555197217869@c.us","xp":0,"level":1},{"id":"5519983083983@c.us","xp":0,"level":1},{"id":"556294254572@c.us","xp":0,"level":1},{"id":"558681345755@c.us","xp":0,"level":1},{"id":"556684217630@c.us","xp":0,"level":1},{"id":"558386515147@c.us","xp":0,"level":1},{"id":"5521967343409@c.us","xp":0,"level":1},{"id":"557388816283@c.us","xp":0,"level":1},{"id":"5513996789261@c.us","xp":0,"level":1},{"id":"5521980373287@c.us","xp":0,"level":1},{"id":"5511953650436@c.us","xp":0,"level":1},{"id":"5514996938789@c.us","xp":0,"level":1},{"id":"5521993719769@c.us","xp":0,"level":1},{"id":"5521999681689@c.us","xp":0,"level":1},{"id":"5521990502812@c.us","xp":0,"level":1},{"id":"554499182307@c.us","xp":0,"level":1},{"id":"5521965413817@c.us","xp":0,"level":1},{"id":"558185430814@c.us","xp":0,"level":1},{"id":"555195678518@c.us","xp":0,"level":1},{"id":"5519992411966@c.us","xp":0,"level":1},{"id":"554299160101@c.us","xp":0,"level":1},{"id":"554195650365@c.us","xp":0,"level":1},{"id":"558897627122@c.us","xp":0,"level":1},{"id":"556194587062@c.us","xp":0,"level":1},{"id":"559294887791@c.us","xp":0,"level":1},{"id":"5511985155679@c.us","xp":0,"level":1},{"id":"556199247205@c.us","xp":0,"level":1},{"id":"556899839299@c.us","xp":0,"level":1},{"id":"556192585281@c.us","xp":0,"level":1},{"id":"556699781332@c.us","xp":0,"level":1},{"id":"558599318246@c.us","xp":0,"level":1},{"id":"555195106307@c.us","xp":0,"level":1},{"id":"555194510959@c.us","xp":0,"level":1},{"id":"554299852264@c.us","xp":0,"level":1},{"id":"5521985196896@c.us","xp":0,"level":1},{"id":"558186440810@c.us","xp":0,"level":1},{"id":"5511973726595@c.us","xp":0,"level":1},{"id":"559384001625@c.us","xp":0,"level":1},{"id":"558592091169@c.us","xp":0,"level":1},{"id":"553197671112@c.us","xp":0,"level":1},{"id":"5521980492341@c.us","xp":0,"level":1},{"id":"557388338965@c.us","xp":0,"level":1},{"id":"5521979063370@c.us","xp":0,"level":1},{"id":"556699369294@c.us","xp":0,"level":1},{"id":"555189475178@c.us","xp":0,"level":1},{"id":"5519999738038@c.us","xp":0,"level":1},{"id":"556592250113@c.us","xp":0,"level":1},{"id":"558481830763@c.us","xp":0,"level":1},{"id":"5511983691265@c.us","xp":0,"level":1},{"id":"555496253746@c.us","xp":0,"level":1},{"id":"553198388007@c.us","xp":0,"level":1},{"id":"557399200517@c.us","xp":0,"level":1},{"id":"554791391619@c.us","xp":0,"level":1},{"id":"558393987947@c.us","xp":0,"level":1},{"id":"51965727561@c.us","xp":0,"level":1},{"id":"557388543634@c.us","xp":0,"level":1},{"id":"34635408145@c.us","xp":0,"level":1},{"id":"558198313601@c.us","xp":0,"level":1},{"id":"5519995187542@c.us","xp":0,"level":1},{"id":"5522981801055@c.us","xp":0,"level":1},{"id":"5519993325499@c.us","xp":0,"level":1},{"id":"5522997764716@c.us","xp":0,"level":1},{"id":"554388474698@c.us","xp":0,"level":1},{"id":"5516992207049@c.us","xp":0,"level":1},{"id":"559491952361@c.us","xp":0,"level":1},{"id":"553497937458@c.us","xp":0,"level":1},{"id":"5511957181848@c.us","xp":0,"level":1},{"id":"558391004107@c.us","xp":0,"level":1},{"id":"5524998594466@c.us","xp":0,"level":1},{"id":"556592479737@c.us","xp":0,"level":1},{"id":"558695648211@c.us","xp":0,"level":1},{"id":"556892465872@c.us","xp":0,"level":1},{"id":"557799417835@c.us","xp":0,"level":1},{"id":"5513997143762@c.us","xp":0,"level":1},{"id":"5516997436261@c.us","xp":0,"level":1},{"id":"5516993517841@c.us","xp":0,"level":1},{"id":"558291779304@c.us","xp":0,"level":1},{"id":"557583108421@c.us","xp":0,"level":1},{"id":"5519987018514@c.us","xp":0,"level":1},{"id":"5521975253230@c.us","xp":0,"level":1},{"id":"5511984628131@c.us","xp":0,"level":1},{"id":"556798712210@c.us","xp":0,"level":1},{"id":"559493027662@c.us","xp":0,"level":1},{"id":"559294022074@c.us","xp":0,"level":1},{"id":"553298112064@c.us","xp":0,"level":1},{"id":"5511968512446@c.us","xp":0,"level":1},{"id":"553598193537@c.us","xp":0,"level":1},{"id":"558499096235@c.us","xp":0,"level":1},{"id":"994408951803@c.us","xp":0,"level":1},{"id":"553196818463@c.us","xp":0,"level":1},{"id":"557791607433@c.us","xp":0,"level":1},{"id":"558181027902@c.us","xp":0,"level":1},{"id":"559296137392@c.us","xp":0,"level":1},{"id":"553388125322@c.us","xp":0,"level":1},{"id":"5511978299363@c.us","xp":0,"level":1},{"id":"555599408565@c.us","xp":0,"level":1},{"id":"5511985026338@c.us","xp":0,"level":1},{"id":"5511981386326@c.us","xp":0,"level":1},{"id":"559391369279@c.us","xp":0,"level":1},{"id":"5511946530680@c.us","xp":0,"level":1},{"id":"557184256871@c.us","xp":0,"level":1},{"id":"559184343640@c.us","xp":0,"level":1},{"id":"5524998132831@c.us","xp":0,"level":1},{"id":"558498564188@c.us","xp":0,"level":1},{"id":"5513982192862@c.us","xp":0,"level":1},{"id":"558382092187@c.us","xp":0,"level":1},{"id":"556281516869@c.us","xp":0,"level":1},{"id":"5519983240320@c.us","xp":0,"level":1},{"id":"554199850379@c.us","xp":0,"level":1},{"id":"5519989291612@c.us","xp":0,"level":1},{"id":"5514998898797@c.us","xp":0,"level":1},{"id":"5513988503718@c.us","xp":0,"level":1},{"id":"556298595910@c.us","xp":0,"level":1},{"id":"554999822014@c.us","xp":0,"level":1},{"id":"5522997645441@c.us","xp":0,"level":1},{"id":"554174016158@c.us","xp":0,"level":1},{"id":"556184279996@c.us","xp":0,"level":1},{"id":"558481065283@c.us","xp":0,"level":1},{"id":"5511988897689@c.us","xp":0,"level":1},{"id":"559591548652@c.us","xp":0,"level":1},{"id":"557582201826@c.us","xp":0,"level":1},{"id":"558186857757@c.us","xp":0,"level":1},{"id":"558287187474@c.us","xp":0,"level":1},{"id":"558186182407@c.us","xp":0,"level":1},{"id":"552185196896@c.us","xp":0,"level":1},{"id":"555189506010@c.us","xp":0,"level":1},{"id":"559292947572@c.us","xp":0,"level":1},{"id":"556181497566@c.us","xp":0,"level":1},{"id":"554988758543@c.us","xp":0,"level":1},{"id":"556291176171@c.us","xp":0,"level":1},{"id":"559492864944@c.us","xp":0,"level":1},{"id":"556899825252@c.us","xp":0,"level":1},{"id":"5513981363284@c.us","xp":0,"level":1},{"id":"556181214174@c.us","xp":0,"level":1},{"id":"5522992584105@c.us","xp":0,"level":1},{"id":"558293641474@c.us","xp":0,"level":1},{"id":"5524998315105@c.us","xp":0,"level":1},{"id":"557781014404@c.us","xp":0,"level":1},{"id":"5511988961775@c.us","xp":0,"level":1},{"id":"556195289973@c.us","xp":0,"level":1},{"id":"555599035026@c.us","xp":0,"level":1},{"id":"559294197356@c.us","xp":0,"level":1},{"id":"557488730397@c.us","xp":0,"level":1},{"id":"553284421075@c.us","xp":0,"level":1},{"id":"5511947372066@c.us","xp":0,"level":1},{"id":"557186343339@c.us","xp":0,"level":1},{"id":"558382208040@c.us","xp":0,"level":1},{"id":"554498490670@c.us","xp":0,"level":1},{"id":"556492904441@c.us","xp":0,"level":1},{"id":"559984352109@c.us","xp":0,"level":1},{"id":"558185118547@c.us","xp":0,"level":1},{"id":"556291744761@c.us","xp":0,"level":1},{"id":"559784039024@c.us","xp":0,"level":1},{"id":"557199697702@c.us","xp":0,"level":1},{"id":"556499989803@c.us","xp":0,"level":1},{"id":"554799225617@c.us","xp":0,"level":1},{"id":"5511911137261@c.us","xp":0,"level":1},{"id":"556499181307@c.us","xp":0,"level":1},{"id":"5516992813164@c.us","xp":0,"level":1},{"id":"558173140442@c.us","xp":0,"level":1},{"id":"554498274036@c.us","xp":0,"level":1},{"id":"556492619881@c.us","xp":0,"level":1},{"id":"558487748713@c.us","xp":0,"level":1},{"id":"554399718231@c.us","xp":0,"level":1},{"id":"554591380404@c.us","xp":0,"level":1},{"id":"5519998401207@c.us","xp":0,"level":1},{"id":"554884352535@c.us","xp":0,"level":1},{"id":"554491654178@c.us","xp":0,"level":1},{"id":"5511981856927@c.us","xp":0,"level":1},{"id":"5527996870106@c.us","xp":0,"level":1},{"id":"5511951971019@c.us","xp":0,"level":1},{"id":"5515997565563@c.us","xp":0,"level":1},{"id":"556696912052@c.us","xp":0,"level":1},{"id":"5514996339977@c.us","xp":0,"level":1},{"id":"553180160072@c.us","xp":0,"level":1},{"id":"556796471553@c.us","xp":0,"level":1},{"id":"552798504837@c.us","xp":0,"level":1},{"id":"5511958685004@c.us","xp":0,"level":1},{"id":"554288636369@c.us","xp":0,"level":1},{"id":"559185420657@c.us","xp":0,"level":1},{"id":"5513996977227@c.us","xp":0,"level":1},{"id":"5521991370932@c.us","xp":0,"level":1},{"id":"34632370515@c.us","xp":0,"level":1},{"id":"5516993101012@c.us","xp":0,"level":1},{"id":"556792401819@c.us","xp":0,"level":1},{"id":"5521965234927@c.us","xp":0,"level":1}]